Feature,Importance
Discount Rate (%),0.7596020961551987
Units Sold,0.10743728993260379
COGS ($),0.10456852795973841
Manufacturing Price,0.016681900753219743
Country_United States Of America,0.0059403899577617995
Country_Germany,0.003465888848941383
Country_France,0.001730806862322794
Country_Mexico,0.0005730995302133839
Sale Price ($/unit),0.0
